CVE, score, vector, link, impact, package, disposition
, , , , ,
10.0, AV:N/AC:L/Au:N/C:C/I:C/A:C, , Y, , https://access.redhat.com/security/cve/CVE-2018-15686libgudev1-219-62.el7_6.5.tis.11, Not fixed yet (updates), systemd-219-62.el7_6.5.tis.11, Not fixed yet (updates), systemd-libs-219-62.el7_6.5.tis.11, Not fixed yet (updates), systemd-sysv-219-62.el7_6.5.tis.11, Not fixed yet (updates),
10.0, AV:N/AC:L/Au:N/C:C/I:C/A:C, , Y, CVE-2019-11811, https://access.redhat.com/security/cve/CVE-2019-11811kernel-3.10.0-957.21.3.el7.2.tis, 3.10.0-957.27.2.el7 (updates), kernel-tools-3.10.0-957.21.3.el7.2.tis, 3.10.0-957.27.2.el7 (updates), kernel-tools-libs-3.10.0-957.21.3.el7.2.tis, 3.10.0-957.27.2.el7 (updates), perf-3.10.0-957.21.3.el7.2.tis, 3.10.0-957.27.2.el7.centos.plus.bug16242,
7.5, AV:N/AC:L/Au:N/C:P/I:P/A:P, , Y, CVE-2018-1000076, https://access.redhat.com/security/cve/CVE-2018-1000076ruby-2.0.0.648-34.el7_6, Not fixed yet (updates), ruby-irb-2.0.0.648-34.el7_6, Not fixed yet (updates), ruby-libs-2.0.0.648-34.el7_6, Not fixed yet (updates), rubygem-bigdecimal-1.2.0-34.el7_6, Not fixed yet (updates), rubygem-io-console-0.4.2-34.el7_6, Not fixed yet (updates), rubygem-psych-2.0.0-34.el7_6, Not fixed yet (updates), rubygem-rdoc-4.0.0-34.el7_6, Not fixed yet (updates), rubygems-2.0.14.1-34.el7_6, Not fixed yet (updates),
7.5, AV:N/AC:L/Au:N/C:P/I:P/A:P, , Y, , https://access.redhat.com/security/cve/CVE-2018-12327ntp-4.2.6p5-28.el7.centos, Not fixed yet, ntp-perl-4.2.6p5-28.el7.centos, Not fixed yet, ntpdate-4.2.6p5-28.el7.centos, Not fixed yet,
6.8, AV:N/AC:M/Au:N/C:P/I:P/A:P, , N, , https://access.redhat.com/security/cve/CVE-2018-1312httpd-2.4.6-88.el7.centos, 2.4.6-89.el7.centos.1 (updates), httpd-tools-2.4.6-88.el7.centos, 2.4.6-89.el7.centos.1 (updates),
7.5, AV:N/AC:L/Au:N/C:P/I:P/A:P, , Y, CVE-2018-14599, https://access.redhat.com/security/cve/CVE-2018-14599libX11-1.6.5-2.el7, Not fixed yet, libX11-common-1.6.5-2.el7, Not fixed yet,
7.5, AV:N/AC:L/Au:N/C:P/I:P/A:P, , Y, CVE-2018-14600, https://access.redhat.com/security/cve/CVE-2018-14600libX11-1.6.5-2.el7, Not fixed yet, libX11-common-1.6.5-2.el7, Not fixed yet,
7.5, AV:N/AC:L/Au:N/C:P/I:P/A:P, , Y, CVE-2018-16402, https://access.redhat.com/security/cve/CVE-2018-16402elfutils-default-yama-scope-0.172-2.el7, Not fixed yet, elfutils-libelf-0.172-2.el7, Not fixed yet, elfutils-libs-0.172-2.el7, Not fixed yet,
7.5, AV:N/AC:L/Au:N/C:P/I:P/A:P, , Y, , https://access.redhat.com/security/cve/CVE-2019-0160OVMF-20150414-2.gitc9e5618.el7, Not fixed yet (updates), openssl-1:1.0.2k-16.el7, 1:1.0.2k-16.el7_6.1 (updates), openssl-libs-1:1.0.2k-16.el7, 1:1.0.2k-16.el7_6.1 (updates),
5.0, AV:N/AC:L/Au:N/C:P/I:N/A:N, , N, CVE-2019-10160, https://access.redhat.com/security/cve/CVE-2019-10160python-2.7.5-76.el7.tis.4, 2.7.5-80.el7_6 (updates), python-devel-2.7.5-76.el7.tis.4, 2.7.5-80.el7_6 (updates), python-libs-2.7.5-76.el7.tis.4, 2.7.5-80.el7_6 (updates),
5.0, AV:N/AC:L/Au:N/C:P/I:N/A:N, , N, , https://access.redhat.com/security/cve/CVE-2019-9636python-2.7.5-76.el7.tis.4, 2.7.5-80.el7_6 (updates), python-devel-2.7.5-76.el7.tis.4, 2.7.5-80.el7_6 (updates), python-libs-2.7.5-76.el7.tis.4, 2.7.5-80.el7_6 (updates),
9.3, AV:N/AC:M/Au:N/C:C/I:C/A:C, , N, CVE-2019-12735, https://access.redhat.com/security/cve/CVE-2019-12735vim-common-2:7.4.160-5.el7, 2:7.4.160-6.el7_6 (updates), vim-enhanced-2:7.4.160-5.el7, 2:7.4.160-6.el7_6 (updates), vim-filesystem-2:7.4.160-5.el7, 2:7.4.160-6.el7_6 (updates), vim-minimal-2:7.4.160-5.el7, 2:7.4.160-6.el7_6 (updates),
9.3, AV:N/AC:M/Au:N/C:C/I:C/A:C, , N, , https://access.redhat.com/security/cve/CVE-2019-3855libssh2-1.4.3-12.el7, 1.4.3-12.el7_6.3 (updates),
6.4, AV:N/AC:L/Au:N/C:P/I:N/A:P, , N, CVE-2018-16842, https://access.redhat.com/security/cve/CVE-2018-16842curl-7.29.0-51.el7_6.3, Not fixed yet, libcurl-7.29.0-51.el7_6.3, Not fixed yet,
7.5, AV:N/AC:L/Au:N/C:P/I:P/A:P, , Y, , https://access.redhat.com/security/cve/CVE-2018-8780ruby-2.0.0.648-34.el7_6, Not fixed yet (updates), ruby-irb-2.0.0.648-34.el7_6, Not fixed yet (updates), ruby-libs-2.0.0.648-34.el7_6, Not fixed yet (updates), rubygem-bigdecimal-1.2.0-34.el7_6, Not fixed yet (updates), rubygem-io-console-0.4.2-34.el7_6, Not fixed yet (updates), rubygem-psych-2.0.0-34.el7_6, Not fixed yet (updates), rubygem-rdoc-4.0.0-34.el7_6, Not fixed yet (updates), rubygems-2.0.14.1-34.el7_6, Not fixed yet (updates),
6.4, AV:N/AC:L/Au:N/C:P/I:N/A:P, , N, , https://access.redhat.com/security/cve/CVE-2019-3858libssh2-1.4.3-12.el7, Not fixed yet (updates),
6.4, AV:N/AC:L/Au:N/C:P/I:N/A:P, , N, , https://access.redhat.com/security/cve/CVE-2019-3861libssh2-1.4.3-12.el7, Not fixed yet (updates),
6.4, AV:N/AC:L/Au:N/C:P/I:N/A:P, , N, , https://access.redhat.com/security/cve/CVE-2019-3862libssh2-1.4.3-12.el7, 1.4.3-12.el7_6.3 (updates),
6.4, AV:N/AC:L/Au:N/C:P/I:P/A:N, , N, , https://access.redhat.com/security/cve/CVE-2019-9948python-2.7.5-76.el7.tis.4, Not fixed yet (updates), python-devel-2.7.5-76.el7.tis.4, Not fixed yet (updates), python-libs-2.7.5-76.el7.tis.4, Not fixed yet (updates),
9.0, AV:N/AC:L/Au:S/C:C/I:C/A:C, , Y, CVE-2018-19788, https://access.redhat.com/security/cve/CVE-2018-19788polkit-0.112-18.el7, Not fixed yet (updates),
6.8, AV:N/AC:M/Au:N/C:P/I:P/A:P, , N, , https://access.redhat.com/security/cve/CVE-2016-3616libjpeg-turbo-1.2.90-6.el7, Not fixed yet,
6.8, AV:N/AC:M/Au:N/C:P/I:P/A:P, , N, CVE-2018-12180, https://access.redhat.com/security/cve/CVE-2018-12180OVMF-20150414-2.gitc9e5618.el7, 20180508-3.gitee3198e672e2.el7_6.1 (updates),
4.6, AV:L/AC:L/Au:N/C:P/I:P/A:P, , N, CVE-2019-11085, https://access.redhat.com/security/cve/CVE-2019-11085kernel-3.10.0-957.21.3.el7.2.tis, 3.10.0-957.27.2.el7 (updates), kernel-tools-3.10.0-957.21.3.el7.2.tis, 3.10.0-957.27.2.el7 (updates), kernel-tools-libs-3.10.0-957.21.3.el7.2.tis, 3.10.0-957.27.2.el7 (updates), perf-3.10.0-957.21.3.el7.2.tis, 3.10.0-957.27.2.el7.centos.plus.bug16242,
6.8, AV:N/AC:M/Au:N/C:P/I:P/A:P, , N, , https://access.redhat.com/security/cve/CVE-2019-3856libssh2-1.4.3-12.el7, 1.4.3-12.el7_6.3 (updates),
6.8, AV:N/AC:M/Au:N/C:P/I:P/A:P, , N, , https://access.redhat.com/security/cve/CVE-2019-3857libssh2-1.4.3-12.el7, 1.4.3-12.el7_6.3 (updates),
6.8, AV:N/AC:M/Au:N/C:P/I:P/A:P, , N, , https://access.redhat.com/security/cve/CVE-2019-3863libssh2-1.4.3-12.el7, 1.4.3-12.el7_6.3 (updates),
6.8, AV:N/AC:M/Au:N/C:P/I:P/A:P, , N, , https://access.redhat.com/security/cve/CVE-2019-8324ruby-2.0.0.648-34.el7_6, 2.0.0.648-35.el7_6 (updates), ruby-irb-2.0.0.648-34.el7_6, 2.0.0.648-35.el7_6 (updates), ruby-libs-2.0.0.648-34.el7_6, 2.0.0.648-35.el7_6 (updates), rubygem-bigdecimal-1.2.0-34.el7_6, 1.2.0-35.el7_6 (updates), rubygem-io-console-0.4.2-34.el7_6, 0.4.2-35.el7_6 (updates), rubygem-psych-2.0.0-34.el7_6, 2.0.0-35.el7_6 (updates), rubygem-rdoc-4.0.0-34.el7_6, 4.0.0-35.el7_6 (updates), rubygems-2.0.14.1-34.el7_6, 2.0.14.1-35.el7_6 (updates),
, , , , , https://access.redhat.com/security/cve/CVE-2018-5743bind-libs-32:9.9.4-72.el7, 32:9.9.4-74.el7_6.2 (updates), bind-libs-lite-32:9.9.4-72.el7, 32:9.9.4-74.el7_6.2 (updates), bind-license-32:9.9.4-72.el7, 32:9.9.4-74.el7_6.2 (updates), bind-utils-32:9.9.4-72.el7, 32:9.9.4-74.el7_6.2 (updates),
7.2, AV:L/AC:L/Au:N/C:C/I:C/A:C, , N, , https://access.redhat.com/security/cve/CVE-2018-9363kernel-3.10.0-957.21.3.el7.2.tis, Not fixed yet (updates), kernel-headers-3.10.0-957.27.2.el7, Not fixed yet, kernel-tools-3.10.0-957.21.3.el7.2.tis, Not fixed yet (updates), kernel-tools-libs-3.10.0-957.21.3.el7.2.tis, Not fixed yet (updates), perf-3.10.0-957.21.3.el7.2.tis, Not fixed yet (centosplus), python-perf-3.10.0-957.21.3.el7.2.tis, Not fixed yet (centosplus),
5.5, AV:N/AC:L/Au:S/C:P/I:P/A:N, , N, CVE-2018-14348, https://access.redhat.com/security/cve/CVE-2018-14348libcgroup-0.41-20.el7, Not fixed yet,
6.8, AV:N/AC:M/Au:N/C:P/I:P/A:P, , N, CVE-2018-16396, https://access.redhat.com/security/cve/CVE-2018-16396ruby-2.0.0.648-34.el7_6, Not fixed yet (updates), ruby-irb-2.0.0.648-34.el7_6, Not fixed yet (updates), ruby-libs-2.0.0.648-34.el7_6, Not fixed yet (updates), rubygem-bigdecimal-1.2.0-34.el7_6, Not fixed yet (updates), rubygem-io-console-0.4.2-34.el7_6, Not fixed yet (updates), rubygem-psych-2.0.0-34.el7_6, Not fixed yet (updates), rubygem-rdoc-4.0.0-34.el7_6, Not fixed yet (updates), rubygems-2.0.14.1-34.el7_6, Not fixed yet (updates),
6.7, AV:A/AC:L/Au:S/C:P/I:P/A:C, , N, CVE-2018-16884, https://access.redhat.com/security/cve/CVE-2018-16884kernel-3.10.0-957.21.3.el7.2.tis, 3.10.0-957.27.2.el7 (updates), kernel-tools-3.10.0-957.21.3.el7.2.tis, 3.10.0-957.27.2.el7 (updates), kernel-tools-libs-3.10.0-957.21.3.el7.2.tis, 3.10.0-957.27.2.el7 (updates), perf-3.10.0-957.21.3.el7.2.tis, 3.10.0-957.27.2.el7.centos.plus.bug16242,
5.4, AV:A/AC:M/Au:N/C:P/I:P/A:P, , N, , https://access.redhat.com/security/cve/CVE-2019-3813spice-server-0.14.0-6.el7, 0.14.0-6.el7_6.1 (updates),
6.8, AV:N/AC:M/Au:N/C:P/I:P/A:P, , N, CVE-2018-1000074, https://access.redhat.com/security/cve/CVE-2018-1000074ruby-2.0.0.648-34.el7_6, Not fixed yet (updates), ruby-irb-2.0.0.648-34.el7_6, Not fixed yet (updates), ruby-libs-2.0.0.648-34.el7_6, Not fixed yet (updates), rubygem-bigdecimal-1.2.0-34.el7_6, Not fixed yet (updates), rubygem-io-console-0.4.2-34.el7_6, Not fixed yet (updates), rubygem-psych-2.0.0-34.el7_6, Not fixed yet (updates), rubygem-rdoc-4.0.0-34.el7_6, Not fixed yet (updates), rubygems-2.0.14.1-34.el7_6, Not fixed yet (updates),
4.6, AV:L/AC:L/Au:N/C:P/I:P/A:P, , N, CVE-2018-1000876, https://access.redhat.com/security/cve/CVE-2018-1000876binutils-2.27-34.base.el7, Not fixed yet,
4.6, AV:L/AC:L/Au:N/C:P/I:P/A:P, , N, CVE-2018-10853, https://access.redhat.com/security/cve/CVE-2018-10853kernel-3.10.0-957.21.3.el7.2.tis, Not fixed yet (updates), kernel-headers-3.10.0-957.27.2.el7, Not fixed yet, kernel-tools-3.10.0-957.21.3.el7.2.tis, Not fixed yet (updates), kernel-tools-libs-3.10.0-957.21.3.el7.2.tis, Not fixed yet (updates), perf-3.10.0-957.21.3.el7.2.tis, Not fixed yet (centosplus), python-perf-3.10.0-957.21.3.el7.2.tis, Not fixed yet (centosplus),
6.1, AV:L/AC:L/Au:N/C:P/I:P/A:C, , N, CVE-2018-14734, https://access.redhat.com/security/cve/CVE-2018-14734kernel-3.10.0-957.21.3.el7.2.tis, Not fixed yet (updates), kernel-headers-3.10.0-957.27.2.el7, Not fixed yet, kernel-tools-3.10.0-957.21.3.el7.2.tis, Not fixed yet (updates), kernel-tools-libs-3.10.0-957.21.3.el7.2.tis, Not fixed yet (updates), perf-3.10.0-957.21.3.el7.2.tis, Not fixed yet (centosplus), python-perf-3.10.0-957.21.3.el7.2.tis, Not fixed yet (centosplus),
4.6, AV:L/AC:L/Au:N/C:P/I:P/A:P, , N, CVE-2018-15857, https://access.redhat.com/security/cve/CVE-2018-15857libX11-1.6.5-2.el7, Not fixed yet, libX11-common-1.6.5-2.el7, Not fixed yet,
4.6, AV:L/AC:L/Au:N/C:P/I:P/A:P, , N, CVE-2018-18281, https://access.redhat.com/security/cve/CVE-2018-18281kernel-3.10.0-957.21.3.el7.2.tis, Not fixed yet (updates), kernel-headers-3.10.0-957.27.2.el7, Not fixed yet, kernel-tools-3.10.0-957.21.3.el7.2.tis, Not fixed yet (updates), kernel-tools-libs-3.10.0-957.21.3.el7.2.tis, Not fixed yet (updates), perf-3.10.0-957.21.3.el7.2.tis, Not fixed yet (centosplus), python-perf-3.10.0-957.21.3.el7.2.tis, Not fixed yet (centosplus),
4.6, AV:L/AC:L/Au:N/C:P/I:P/A:P, , N, , https://access.redhat.com/security/cve/CVE-2018-3613OVMF-20150414-2.gitc9e5618.el7, Not fixed yet (updates),
7.2, AV:L/AC:L/Au:N/C:C/I:C/A:C, , N, , https://access.redhat.com/security/cve/CVE-2018-9516kernel-3.10.0-957.21.3.el7.2.tis, Not fixed yet (updates), kernel-headers-3.10.0-957.27.2.el7, Not fixed yet, kernel-tools-3.10.0-957.21.3.el7.2.tis, Not fixed yet (updates), kernel-tools-libs-3.10.0-957.21.3.el7.2.tis, Not fixed yet (updates), perf-3.10.0-957.21.3.el7.2.tis, Not fixed yet (centosplus), python-perf-3.10.0-957.21.3.el7.2.tis, Not fixed yet (centosplus),
7.8, AV:N/AC:L/Au:N/C:N/I:N/A:C, , Y, CVE-2019-11810, https://access.redhat.com/security/cve/CVE-2019-11810kernel-3.10.0-957.21.3.el7.2.tis, Not fixed yet (updates), kernel-headers-3.10.0-957.27.2.el7, Not fixed yet, kernel-tools-3.10.0-957.21.3.el7.2.tis, Not fixed yet (updates), kernel-tools-libs-3.10.0-957.21.3.el7.2.tis, Not fixed yet (updates), perf-3.10.0-957.21.3.el7.2.tis, Not fixed yet (centosplus), python-perf-3.10.0-957.21.3.el7.2.tis, Not fixed yet (centosplus),
5.0, AV:N/AC:L/Au:N/C:P/I:N/A:N, , N, CVE-2018-1000073, https://access.redhat.com/security/cve/CVE-2018-1000073ruby-2.0.0.648-34.el7_6, Not fixed yet (updates), ruby-irb-2.0.0.648-34.el7_6, Not fixed yet (updates), ruby-libs-2.0.0.648-34.el7_6, Not fixed yet (updates), rubygem-bigdecimal-1.2.0-34.el7_6, Not fixed yet (updates), rubygem-io-console-0.4.2-34.el7_6, Not fixed yet (updates), rubygem-psych-2.0.0-34.el7_6, Not fixed yet (updates), rubygem-rdoc-4.0.0-34.el7_6, Not fixed yet (updates), rubygems-2.0.14.1-34.el7_6, Not fixed yet (updates),
5.0, AV:N/AC:L/Au:N/C:N/I:N/A:P, , N, CVE-2018-1000075, https://access.redhat.com/security/cve/CVE-2018-1000075ruby-2.0.0.648-34.el7_6, Not fixed yet (updates), ruby-irb-2.0.0.648-34.el7_6, Not fixed yet (updates), ruby-libs-2.0.0.648-34.el7_6, Not fixed yet (updates), rubygem-bigdecimal-1.2.0-34.el7_6, Not fixed yet (updates), rubygem-io-console-0.4.2-34.el7_6, Not fixed yet (updates), rubygem-psych-2.0.0-34.el7_6, Not fixed yet (updates), rubygem-rdoc-4.0.0-34.el7_6, Not fixed yet (updates), rubygems-2.0.14.1-34.el7_6, Not fixed yet (updates),
5.0, AV:N/AC:L/Au:N/C:N/I:N/A:P, , N, CVE-2018-11813, https://access.redhat.com/security/cve/CVE-2018-11813libjpeg-turbo-1.2.90-6.el7, Not fixed yet,
5.0, AV:N/AC:L/Au:N/C:N/I:N/A:P, , N, CVE-2018-12697, https://access.redhat.com/security/cve/CVE-2018-12697binutils-2.27-34.base.el7, Not fixed yet,
5.0, AV:N/AC:L/Au:N/C:N/I:N/A:P, , N, CVE-2018-14598, https://access.redhat.com/security/cve/CVE-2018-14598libX11-1.6.5-2.el7, Not fixed yet, libX11-common-1.6.5-2.el7, Not fixed yet,
5.0, AV:N/AC:L/Au:N/C:N/I:N/A:P, , N, CVE-2018-14647, https://access.redhat.com/security/cve/CVE-2018-14647python-2.7.5-76.el7.tis.4, Not fixed yet (updates), python-devel-2.7.5-76.el7.tis.4, Not fixed yet (updates), python-libs-2.7.5-76.el7.tis.4, Not fixed yet (updates),
5.0, AV:N/AC:L/Au:N/C:N/I:N/A:P, , N, CVE-2018-16871, https://access.redhat.com/security/cve/CVE-2018-16871kernel-3.10.0-957.21.3.el7.2.tis, 3.10.0-957.27.2.el7 (updates), kernel-tools-3.10.0-957.21.3.el7.2.tis, 3.10.0-957.27.2.el7 (updates), kernel-tools-libs-3.10.0-957.21.3.el7.2.tis, 3.10.0-957.27.2.el7 (updates), perf-3.10.0-957.21.3.el7.2.tis, 3.10.0-957.27.2.el7.centos.plus.bug16242,
5.0, AV:N/AC:L/Au:N/C:N/I:P/A:N, , N, , https://access.redhat.com/security/cve/CVE-2018-6914ruby-2.0.0.648-34.el7_6, Not fixed yet (updates), ruby-irb-2.0.0.648-34.el7_6, Not fixed yet (updates), ruby-libs-2.0.0.648-34.el7_6, Not fixed yet (updates), rubygem-bigdecimal-1.2.0-34.el7_6, Not fixed yet (updates), rubygem-io-console-0.4.2-34.el7_6, Not fixed yet (updates), rubygem-psych-2.0.0-34.el7_6, Not fixed yet (updates), rubygem-rdoc-4.0.0-34.el7_6, Not fixed yet (updates), rubygems-2.0.14.1-34.el7_6, Not fixed yet (updates),
5.0, AV:N/AC:L/Au:N/C:N/I:N/A:P, , N, , https://access.redhat.com/security/cve/CVE-2018-8777ruby-2.0.0.648-34.el7_6, Not fixed yet (updates), ruby-irb-2.0.0.648-34.el7_6, Not fixed yet (updates), ruby-libs-2.0.0.648-34.el7_6, Not fixed yet (updates), rubygem-bigdecimal-1.2.0-34.el7_6, Not fixed yet (updates), rubygem-io-console-0.4.2-34.el7_6, Not fixed yet (updates), rubygem-psych-2.0.0-34.el7_6, Not fixed yet (updates), rubygem-rdoc-4.0.0-34.el7_6, Not fixed yet (updates), rubygems-2.0.14.1-34.el7_6, Not fixed yet (updates),
5.0, AV:N/AC:L/Au:N/C:P/I:N/A:N, , N, , https://access.redhat.com/security/cve/CVE-2018-8778ruby-2.0.0.648-34.el7_6, Not fixed yet (updates), ruby-irb-2.0.0.648-34.el7_6, Not fixed yet (updates), ruby-libs-2.0.0.648-34.el7_6, Not fixed yet (updates), rubygem-bigdecimal-1.2.0-34.el7_6, Not fixed yet (updates), rubygem-io-console-0.4.2-34.el7_6, Not fixed yet (updates), rubygem-psych-2.0.0-34.el7_6, Not fixed yet (updates), rubygem-rdoc-4.0.0-34.el7_6, Not fixed yet (updates), rubygems-2.0.14.1-34.el7_6, Not fixed yet (updates),
5.0, AV:N/AC:L/Au:N/C:N/I:P/A:N, , N, , https://access.redhat.com/security/cve/CVE-2018-8779ruby-2.0.0.648-34.el7_6, Not fixed yet (updates), ruby-irb-2.0.0.648-34.el7_6, Not fixed yet (updates), ruby-libs-2.0.0.648-34.el7_6, Not fixed yet (updates), rubygem-bigdecimal-1.2.0-34.el7_6, Not fixed yet (updates), rubygem-io-console-0.4.2-34.el7_6, Not fixed yet (updates), rubygem-psych-2.0.0-34.el7_6, Not fixed yet (updates), rubygem-rdoc-4.0.0-34.el7_6, Not fixed yet (updates), rubygems-2.0.14.1-34.el7_6, Not fixed yet (updates),
6.0, AV:N/AC:M/Au:S/C:P/I:P/A:P, , N, , https://access.redhat.com/security/cve/CVE-2019-0217httpd-2.4.6-88.el7.centos, Not fixed yet (updates), httpd-tools-2.4.6-88.el7.centos, Not fixed yet (updates),
, , , , , https://access.redhat.com/security/cve/CVE-2019-5010python-2.7.5-76.el7.tis.4, Not fixed yet (updates), python-devel-2.7.5-76.el7.tis.4, Not fixed yet (updates), python-libs-2.7.5-76.el7.tis.4, Not fixed yet (updates),
5.0, AV:N/AC:L/Au:N/C:N/I:P/A:N, , N, , https://access.redhat.com/security/cve/CVE-2019-8322ruby-2.0.0.648-34.el7_6, 2.0.0.648-35.el7_6 (updates), ruby-irb-2.0.0.648-34.el7_6, 2.0.0.648-35.el7_6 (updates), ruby-libs-2.0.0.648-34.el7_6, 2.0.0.648-35.el7_6 (updates), rubygem-bigdecimal-1.2.0-34.el7_6, 1.2.0-35.el7_6 (updates), rubygem-io-console-0.4.2-34.el7_6, 0.4.2-35.el7_6 (updates), rubygem-psych-2.0.0-34.el7_6, 2.0.0-35.el7_6 (updates), rubygem-rdoc-4.0.0-34.el7_6, 4.0.0-35.el7_6 (updates), rubygems-2.0.14.1-34.el7_6, 2.0.14.1-35.el7_6 (updates),
5.0, AV:N/AC:L/Au:N/C:N/I:P/A:N, , N, , https://access.redhat.com/security/cve/CVE-2019-8323ruby-2.0.0.648-34.el7_6, 2.0.0.648-35.el7_6 (updates), ruby-irb-2.0.0.648-34.el7_6, 2.0.0.648-35.el7_6 (updates), ruby-libs-2.0.0.648-34.el7_6, 2.0.0.648-35.el7_6 (updates), rubygem-bigdecimal-1.2.0-34.el7_6, 1.2.0-35.el7_6 (updates), rubygem-io-console-0.4.2-34.el7_6, 0.4.2-35.el7_6 (updates), rubygem-psych-2.0.0-34.el7_6, 2.0.0-35.el7_6 (updates), rubygem-rdoc-4.0.0-34.el7_6, 4.0.0-35.el7_6 (updates), rubygems-2.0.14.1-34.el7_6, 2.0.14.1-35.el7_6 (updates),
5.0, AV:N/AC:L/Au:N/C:N/I:P/A:N, , N, , https://access.redhat.com/security/cve/CVE-2019-8325ruby-2.0.0.648-34.el7_6, 2.0.0.648-35.el7_6 (updates), ruby-irb-2.0.0.648-34.el7_6, 2.0.0.648-35.el7_6 (updates), ruby-libs-2.0.0.648-34.el7_6, 2.0.0.648-35.el7_6 (updates), rubygem-bigdecimal-1.2.0-34.el7_6, 1.2.0-35.el7_6 (updates), rubygem-io-console-0.4.2-34.el7_6, 0.4.2-35.el7_6 (updates), rubygem-psych-2.0.0-34.el7_6, 2.0.0-35.el7_6 (updates), rubygem-rdoc-4.0.0-34.el7_6, 4.0.0-35.el7_6 (updates), rubygems-2.0.14.1-34.el7_6, 2.0.14.1-35.el7_6 (updates),
4.4, AV:L/AC:M/Au:N/C:P/I:P/A:P, , N, , https://access.redhat.com/security/cve/CVE-2019-6133polkit-0.112-18.el7, 0.112-18.el7_6.1 (updates),
7.2, AV:L/AC:L/Au:N/C:C/I:C/A:C, , N, , https://access.redhat.com/security/cve/CVE-2018-9517kernel-3.10.0-957.21.3.el7.2.tis, Not fixed yet (updates), kernel-headers-3.10.0-957.27.2.el7, Not fixed yet, kernel-tools-3.10.0-957.21.3.el7.2.tis, Not fixed yet (updates), kernel-tools-libs-3.10.0-957.21.3.el7.2.tis, Not fixed yet (updates), perf-3.10.0-957.21.3.el7.2.tis, Not fixed yet (centosplus), python-perf-3.10.0-957.21.3.el7.2.tis, Not fixed yet (centosplus),
4.3, AV:A/AC:M/Au:N/C:P/I:P/A:N, , N, , https://access.redhat.com/security/cve/CVE-2018-5383linux-firmware-20180911-69.git85c5d90.el7, Not fixed yet,
2.1, AV:L/AC:L/Au:N/C:P/I:N/A:N, , N, , https://access.redhat.com/security/cve/CVE-2019-5489kernel-3.10.0-957.21.3.el7.2.tis, Not fixed yet (updates), kernel-headers-3.10.0-957.27.2.el7, Not fixed yet, kernel-tools-3.10.0-957.21.3.el7.2.tis, Not fixed yet (updates), kernel-tools-libs-3.10.0-957.21.3.el7.2.tis, Not fixed yet (updates), perf-3.10.0-957.21.3.el7.2.tis, Not fixed yet (centosplus), python-perf-3.10.0-957.21.3.el7.2.tis, Not fixed yet (centosplus),
4.4, AV:L/AC:M/Au:N/C:P/I:P/A:P, , N, , https://access.redhat.com/security/cve/CVE-2018-1122procps-ng-3.3.10-23.el7, Not fixed yet,
4.4, AV:L/AC:M/Au:N/C:P/I:P/A:P, , N, CVE-2018-14625, https://access.redhat.com/security/cve/CVE-2018-14625kernel-3.10.0-957.21.3.el7.2.tis, Not fixed yet (updates), kernel-headers-3.10.0-957.27.2.el7, Not fixed yet, kernel-tools-3.10.0-957.21.3.el7.2.tis, Not fixed yet (updates), kernel-tools-libs-3.10.0-957.21.3.el7.2.tis, Not fixed yet (updates), perf-3.10.0-957.21.3.el7.2.tis, Not fixed yet (centosplus), python-perf-3.10.0-957.21.3.el7.2.tis, Not fixed yet (centosplus),
6.9, AV:L/AC:M/Au:N/C:C/I:C/A:C, , N, , https://access.redhat.com/security/cve/CVE-2019-11599kernel-3.10.0-957.21.3.el7.2.tis, Not fixed yet (updates), kernel-headers-3.10.0-957.27.2.el7, Not fixed yet, kernel-tools-3.10.0-957.21.3.el7.2.tis, Not fixed yet (updates), kernel-tools-libs-3.10.0-957.21.3.el7.2.tis, Not fixed yet (updates), perf-3.10.0-957.21.3.el7.2.tis, Not fixed yet (centosplus), python-perf-3.10.0-957.21.3.el7.2.tis, Not fixed yet (centosplus),
4.3, AV:N/AC:M/Au:N/C:P/I:N/A:N, , N, , https://access.redhat.com/security/cve/CVE-2019-1559openssl-1:1.0.2k-16.el7, Not fixed yet (updates), openssl-libs-1:1.0.2k-16.el7, Not fixed yet (updates),
6.8, AV:N/AC:L/Au:S/C:N/I:N/A:C, , N, , https://access.redhat.com/security/cve/CVE-2019-3900kernel-3.10.0-957.21.3.el7.2.tis, Not fixed yet (updates), kernel-headers-3.10.0-957.27.2.el7, Not fixed yet, kernel-tools-3.10.0-957.21.3.el7.2.tis, Not fixed yet (updates), kernel-tools-libs-3.10.0-957.21.3.el7.2.tis, Not fixed yet (updates), perf-3.10.0-957.21.3.el7.2.tis, Not fixed yet (centosplus), python-perf-3.10.0-957.21.3.el7.2.tis, Not fixed yet (centosplus),
, , , , , https://access.redhat.com/security/cve/CVE-2017-5731OVMF-20150414-2.gitc9e5618.el7, Not fixed yet (updates),
, , , , , https://access.redhat.com/security/cve/CVE-2017-5732OVMF-20150414-2.gitc9e5618.el7, Not fixed yet (updates),
, , , , , https://access.redhat.com/security/cve/CVE-2017-5733OVMF-20150414-2.gitc9e5618.el7, Not fixed yet (updates),
, , , , , https://access.redhat.com/security/cve/CVE-2017-5734OVMF-20150414-2.gitc9e5618.el7, Not fixed yet (updates),
, , , , , https://access.redhat.com/security/cve/CVE-2017-5735OVMF-20150414-2.gitc9e5618.el7, Not fixed yet (updates),
4.3, AV:N/AC:M/Au:N/C:N/I:N/A:P, , N, , https://access.redhat.com/security/cve/CVE-2018-0739OVMF-20150414-2.gitc9e5618.el7, 20180508-3.gitee3198e672e2.el7_6.1 (updates),
4.3, AV:N/AC:M/Au:N/C:N/I:N/A:P, , N, CVE-2018-11212, https://access.redhat.com/security/cve/CVE-2018-11212libjpeg-turbo-1.2.90-6.el7, Not fixed yet,
4.3, AV:N/AC:M/Au:N/C:N/I:N/A:P, , N, CVE-2018-11213, https://access.redhat.com/security/cve/CVE-2018-11213libjpeg-turbo-1.2.90-6.el7, Not fixed yet,
4.3, AV:N/AC:M/Au:N/C:N/I:N/A:P, , N, CVE-2018-11214, https://access.redhat.com/security/cve/CVE-2018-11214libjpeg-turbo-1.2.90-6.el7, Not fixed yet,
4.3, AV:N/AC:M/Au:N/C:N/I:N/A:P, , N, CVE-2018-14498, https://access.redhat.com/security/cve/CVE-2018-14498libjpeg-turbo-1.2.90-6.el7, Not fixed yet,
4.3, AV:N/AC:M/Au:N/C:N/I:N/A:P, , N, CVE-2018-18520, https://access.redhat.com/security/cve/CVE-2018-18520elfutils-default-yama-scope-0.172-2.el7, Not fixed yet, elfutils-libelf-0.172-2.el7, Not fixed yet, elfutils-libs-0.172-2.el7, Not fixed yet,
4.0, AV:N/AC:L/Au:S/C:N/I:P/A:N, , N, , https://access.redhat.com/security/cve/CVE-2018-5741bind-libs-32:9.9.4-72.el7, Not fixed yet (updates), bind-libs-lite-32:9.9.4-72.el7, Not fixed yet (updates), bind-license-32:9.9.4-72.el7, Not fixed yet (updates), bind-utils-32:9.9.4-72.el7, Not fixed yet (updates),
3.3, AV:A/AC:L/Au:N/C:P/I:N/A:N, , N, , https://access.redhat.com/security/cve/CVE-2019-3459kernel-3.10.0-957.21.3.el7.2.tis, Not fixed yet (updates), kernel-headers-3.10.0-957.27.2.el7, Not fixed yet, kernel-tools-3.10.0-957.21.3.el7.2.tis, Not fixed yet (updates), kernel-tools-libs-3.10.0-957.21.3.el7.2.tis, Not fixed yet (updates), perf-3.10.0-957.21.3.el7.2.tis, Not fixed yet (centosplus), python-perf-3.10.0-957.21.3.el7.2.tis, Not fixed yet (centosplus),
3.3, AV:A/AC:L/Au:N/C:P/I:N/A:N, , N, , https://access.redhat.com/security/cve/CVE-2019-3460kernel-3.10.0-957.21.3.el7.2.tis, Not fixed yet (updates), kernel-headers-3.10.0-957.27.2.el7, Not fixed yet, kernel-tools-3.10.0-957.21.3.el7.2.tis, Not fixed yet (updates), kernel-tools-libs-3.10.0-957.21.3.el7.2.tis, Not fixed yet (updates), perf-3.10.0-957.21.3.el7.2.tis, Not fixed yet (centosplus), python-perf-3.10.0-957.21.3.el7.2.tis, Not fixed yet (centosplus),
4.3, AV:N/AC:M/Au:N/C:N/I:N/A:P, , N, , https://access.redhat.com/security/cve/CVE-2019-7149elfutils-default-yama-scope-0.172-2.el7, Not fixed yet, elfutils-libelf-0.172-2.el7, Not fixed yet, elfutils-libs-0.172-2.el7, Not fixed yet,
, , , , , https://access.redhat.com/security/cve/CVE-2019-9500kernel-3.10.0-957.21.3.el7.2.tis, Not fixed yet (updates), kernel-headers-3.10.0-957.27.2.el7, Not fixed yet, kernel-tools-3.10.0-957.21.3.el7.2.tis, Not fixed yet (updates), kernel-tools-libs-3.10.0-957.21.3.el7.2.tis, Not fixed yet (updates), perf-3.10.0-957.21.3.el7.2.tis, Not fixed yet (centosplus), python-perf-3.10.0-957.21.3.el7.2.tis, Not fixed yet (centosplus),
4.3, AV:N/AC:M/Au:N/C:N/I:P/A:N, , N, , https://access.redhat.com/security/cve/CVE-2019-9740python-2.7.5-76.el7.tis.4, Not fixed yet (updates), python-devel-2.7.5-76.el7.tis.4, Not fixed yet (updates), python-libs-2.7.5-76.el7.tis.4, Not fixed yet (updates),
4.3, AV:N/AC:M/Au:N/C:N/I:P/A:N, , N, , https://access.redhat.com/security/cve/CVE-2019-9947python-2.7.5-76.el7.tis.4, Not fixed yet (updates), python-devel-2.7.5-76.el7.tis.4, Not fixed yet (updates), python-libs-2.7.5-76.el7.tis.4, Not fixed yet (updates),
4.3, AV:N/AC:M/Au:N/C:N/I:P/A:N, , N, CVE-2018-1000078, https://access.redhat.com/security/cve/CVE-2018-1000078ruby-2.0.0.648-34.el7_6, Not fixed yet (updates), ruby-irb-2.0.0.648-34.el7_6, Not fixed yet (updates), ruby-libs-2.0.0.648-34.el7_6, Not fixed yet (updates), rubygem-bigdecimal-1.2.0-34.el7_6, Not fixed yet (updates), rubygem-io-console-0.4.2-34.el7_6, Not fixed yet (updates), rubygem-psych-2.0.0-34.el7_6, Not fixed yet (updates), rubygem-rdoc-4.0.0-34.el7_6, Not fixed yet (updates), rubygems-2.0.14.1-34.el7_6, Not fixed yet (updates),
3.6, AV:L/AC:L/Au:N/C:P/I:N/A:P, , N, CVE-2018-16658, https://access.redhat.com/security/cve/CVE-2018-16658kernel-3.10.0-957.21.3.el7.2.tis, Not fixed yet (updates), kernel-headers-3.10.0-957.27.2.el7, Not fixed yet, kernel-tools-3.10.0-957.21.3.el7.2.tis, Not fixed yet (updates), kernel-tools-libs-3.10.0-957.21.3.el7.2.tis, Not fixed yet (updates), perf-3.10.0-957.21.3.el7.2.tis, Not fixed yet (centosplus), python-perf-3.10.0-957.21.3.el7.2.tis, Not fixed yet (centosplus),
3.6, AV:L/AC:L/Au:N/C:N/I:P/A:P, , N, CVE-2018-12181, https://access.redhat.com/security/cve/CVE-2018-12181OVMF-20150414-2.gitc9e5618.el7, Not fixed yet (updates),
4.3, AV:N/AC:M/Au:N/C:P/I:N/A:N, , N, , https://access.redhat.com/security/cve/CVE-2018-0734openssl-1:1.0.2k-16.el7, Not fixed yet (updates), openssl-libs-1:1.0.2k-16.el7, Not fixed yet (updates),
4.3, AV:N/AC:M/Au:N/C:P/I:N/A:N, , N, CVE-2018-12404, https://access.redhat.com/security/cve/CVE-2018-12404nspr-4.19.0-1.el7_5, Not fixed yet, nss-3.36.0-7.el7_5, Not fixed yet (updates), nss-softokn-3.36.0-5.el7_5, Not fixed yet, nss-softokn-freebl-3.36.0-5.el7_5, Not fixed yet, nss-sysinit-3.36.0-7.el7_5, Not fixed yet (updates), nss-tools-3.36.0-7.el7_5, Not fixed yet (updates), nss-util-3.36.0-1.el7_5, Not fixed yet (updates),
, , , , , https://access.redhat.com/security/cve/CVE-2018-5742bind-libs-32:9.9.4-72.el7, 32:9.9.4-74.el7_6.2 (updates), bind-libs-lite-32:9.9.4-72.el7, 32:9.9.4-74.el7_6.2 (updates), bind-license-32:9.9.4-72.el7, 32:9.9.4-74.el7_6.2 (updates), bind-utils-32:9.9.4-72.el7, 32:9.9.4-74.el7_6.2 (updates),
2.1, AV:L/AC:L/Au:N/C:P/I:N/A:N, , N, , https://access.redhat.com/security/cve/CVE-2018-7755kernel-3.10.0-957.21.3.el7.2.tis, Not fixed yet (updates), kernel-headers-3.10.0-957.27.2.el7, Not fixed yet, kernel-tools-3.10.0-957.21.3.el7.2.tis, Not fixed yet (updates), kernel-tools-libs-3.10.0-957.21.3.el7.2.tis, Not fixed yet (updates), perf-3.10.0-957.21.3.el7.2.tis, Not fixed yet (centosplus), python-perf-3.10.0-957.21.3.el7.2.tis, Not fixed yet (centosplus),
2.1, AV:L/AC:L/Au:N/C:N/I:N/A:P, , N, , https://access.redhat.com/security/cve/CVE-2019-0161OVMF-20150414-2.gitc9e5618.el7, Not fixed yet (updates), openssl-1:1.0.2k-16.el7, 1:1.0.2k-16.el7_6.1 (updates), openssl-libs-1:1.0.2k-16.el7, 1:1.0.2k-16.el7_6.1 (updates),
2.1, AV:L/AC:L/Au:N/C:P/I:N/A:N, , N, , https://access.redhat.com/security/cve/CVE-2019-1125kernel-3.10.0-957.21.3.el7.2.tis, Not fixed yet (updates), kernel-headers-3.10.0-957.27.2.el7, Not fixed yet, kernel-tools-3.10.0-957.21.3.el7.2.tis, Not fixed yet (updates), kernel-tools-libs-3.10.0-957.21.3.el7.2.tis, Not fixed yet (updates), perf-3.10.0-957.21.3.el7.2.tis, Not fixed yet (centosplus), python-perf-3.10.0-957.21.3.el7.2.tis, Not fixed yet (centosplus),
, , , , , https://access.redhat.com/security/cve/CVE-2019-6470dhclient-12:4.2.5-68.el7.centos.1.tis.9, Not fixed yet, dhcp-12:4.2.5-68.el7.centos.1.tis.9, Not fixed yet, dhcp-common-12:4.2.5-68.el7.centos.1.tis.9, Not fixed yet, dhcp-libs-12:4.2.5-68.el7.centos.1.tis.9, Not fixed yet,
2.1, AV:L/AC:L/Au:N/C:P/I:N/A:N, , N, CVE-2018-15594, https://access.redhat.com/security/cve/CVE-2018-15594kernel-3.10.0-957.21.3.el7.2.tis, Not fixed yet (updates), kernel-headers-3.10.0-957.27.2.el7, Not fixed yet, kernel-tools-3.10.0-957.21.3.el7.2.tis, Not fixed yet (updates), kernel-tools-libs-3.10.0-957.21.3.el7.2.tis, Not fixed yet (updates), perf-3.10.0-957.21.3.el7.2.tis, Not fixed yet (centosplus), python-perf-3.10.0-957.21.3.el7.2.tis, Not fixed yet (centosplus),
5.0, AV:N/AC:L/Au:N/C:N/I:P/A:N, , N, CVE-2018-1000077, https://access.redhat.com/security/cve/CVE-2018-1000077ruby-2.0.0.648-34.el7_6, Not fixed yet (updates), ruby-irb-2.0.0.648-34.el7_6, Not fixed yet (updates), ruby-libs-2.0.0.648-34.el7_6, Not fixed yet (updates), rubygem-bigdecimal-1.2.0-34.el7_6, Not fixed yet (updates), rubygem-io-console-0.4.2-34.el7_6, Not fixed yet (updates), rubygem-psych-2.0.0-34.el7_6, Not fixed yet (updates), rubygem-rdoc-4.0.0-34.el7_6, Not fixed yet (updates), rubygems-2.0.14.1-34.el7_6, Not fixed yet (updates),
4.3, AV:N/AC:M/Au:N/C:N/I:P/A:N, , N, CVE-2018-1000079, https://access.redhat.com/security/cve/CVE-2018-1000079ruby-2.0.0.648-34.el7_6, Not fixed yet (updates), ruby-irb-2.0.0.648-34.el7_6, Not fixed yet (updates), ruby-libs-2.0.0.648-34.el7_6, Not fixed yet (updates), rubygem-bigdecimal-1.2.0-34.el7_6, Not fixed yet (updates), rubygem-io-console-0.4.2-34.el7_6, Not fixed yet (updates), rubygem-psych-2.0.0-34.el7_6, Not fixed yet (updates), rubygem-rdoc-4.0.0-34.el7_6, Not fixed yet (updates), rubygems-2.0.14.1-34.el7_6, Not fixed yet (updates),
4.3, AV:N/AC:M/Au:N/C:N/I:N/A:P, , N, CVE-2018-12641, https://access.redhat.com/security/cve/CVE-2018-12641binutils-2.27-34.base.el7, Not fixed yet,
4.3, AV:N/AC:M/Au:N/C:N/I:N/A:P, , N, CVE-2018-13093, https://access.redhat.com/security/cve/CVE-2018-13093kernel-3.10.0-957.21.3.el7.2.tis, Not fixed yet (updates), kernel-headers-3.10.0-957.27.2.el7, Not fixed yet, kernel-tools-3.10.0-957.21.3.el7.2.tis, Not fixed yet (updates), kernel-tools-libs-3.10.0-957.21.3.el7.2.tis, Not fixed yet (updates), perf-3.10.0-957.21.3.el7.2.tis, Not fixed yet (centosplus), python-perf-3.10.0-957.21.3.el7.2.tis, Not fixed yet (centosplus),
4.3, AV:N/AC:M/Au:N/C:N/I:N/A:P, , N, CVE-2018-13094, https://access.redhat.com/security/cve/CVE-2018-13094kernel-3.10.0-957.21.3.el7.2.tis, Not fixed yet (updates), kernel-headers-3.10.0-957.27.2.el7, Not fixed yet, kernel-tools-3.10.0-957.21.3.el7.2.tis, Not fixed yet (updates), kernel-tools-libs-3.10.0-957.21.3.el7.2.tis, Not fixed yet (updates), perf-3.10.0-957.21.3.el7.2.tis, Not fixed yet (centosplus), python-perf-3.10.0-957.21.3.el7.2.tis, Not fixed yet (centosplus),
4.3, AV:N/AC:M/Au:N/C:N/I:N/A:P, , N, CVE-2018-13095, https://access.redhat.com/security/cve/CVE-2018-13095kernel-3.10.0-957.21.3.el7.2.tis, Not fixed yet (updates), kernel-headers-3.10.0-957.27.2.el7, Not fixed yet, kernel-tools-3.10.0-957.21.3.el7.2.tis, Not fixed yet (updates), kernel-tools-libs-3.10.0-957.21.3.el7.2.tis, Not fixed yet (updates), perf-3.10.0-957.21.3.el7.2.tis, Not fixed yet (centosplus), python-perf-3.10.0-957.21.3.el7.2.tis, Not fixed yet (centosplus),
2.1, AV:L/AC:L/Au:N/C:N/I:N/A:P, , N, CVE-2018-15853, https://access.redhat.com/security/cve/CVE-2018-15853libX11-1.6.5-2.el7, Not fixed yet, libX11-common-1.6.5-2.el7, Not fixed yet,
2.1, AV:L/AC:L/Au:N/C:N/I:N/A:P, , N, CVE-2018-15854, https://access.redhat.com/security/cve/CVE-2018-15854libX11-1.6.5-2.el7, Not fixed yet, libX11-common-1.6.5-2.el7, Not fixed yet,
2.1, AV:L/AC:L/Au:N/C:N/I:N/A:P, , N, CVE-2018-15855, https://access.redhat.com/security/cve/CVE-2018-15855libX11-1.6.5-2.el7, Not fixed yet, libX11-common-1.6.5-2.el7, Not fixed yet,
2.1, AV:L/AC:L/Au:N/C:N/I:N/A:P, , N, CVE-2018-15856, https://access.redhat.com/security/cve/CVE-2018-15856libX11-1.6.5-2.el7, Not fixed yet, libX11-common-1.6.5-2.el7, Not fixed yet,
2.1, AV:L/AC:L/Au:N/C:N/I:N/A:P, , N, CVE-2018-15859, https://access.redhat.com/security/cve/CVE-2018-15859libX11-1.6.5-2.el7, Not fixed yet, libX11-common-1.6.5-2.el7, Not fixed yet,
2.1, AV:L/AC:L/Au:N/C:N/I:N/A:P, , N, CVE-2018-15861, https://access.redhat.com/security/cve/CVE-2018-15861libX11-1.6.5-2.el7, Not fixed yet, libX11-common-1.6.5-2.el7, Not fixed yet,
2.1, AV:L/AC:L/Au:N/C:N/I:N/A:P, , N, CVE-2018-15862, https://access.redhat.com/security/cve/CVE-2018-15862libX11-1.6.5-2.el7, Not fixed yet, libX11-common-1.6.5-2.el7, Not fixed yet,
2.1, AV:L/AC:L/Au:N/C:N/I:N/A:P, , N, CVE-2018-15863, https://access.redhat.com/security/cve/CVE-2018-15863libX11-1.6.5-2.el7, Not fixed yet, libX11-common-1.6.5-2.el7, Not fixed yet,
2.1, AV:L/AC:L/Au:N/C:N/I:N/A:P, , N, CVE-2018-15864, https://access.redhat.com/security/cve/CVE-2018-15864libX11-1.6.5-2.el7, Not fixed yet, libX11-common-1.6.5-2.el7, Not fixed yet,
4.3, AV:N/AC:M/Au:N/C:N/I:N/A:P, , N, CVE-2018-16062, https://access.redhat.com/security/cve/CVE-2018-16062elfutils-default-yama-scope-0.172-2.el7, Not fixed yet, elfutils-libelf-0.172-2.el7, Not fixed yet, elfutils-libs-0.172-2.el7, Not fixed yet,
4.3, AV:N/AC:M/Au:N/C:N/I:N/A:P, , N, CVE-2018-16403, https://access.redhat.com/security/cve/CVE-2018-16403elfutils-default-yama-scope-0.172-2.el7, Not fixed yet, elfutils-libelf-0.172-2.el7, Not fixed yet, elfutils-libs-0.172-2.el7, Not fixed yet,
4.9, AV:L/AC:L/Au:N/C:N/I:N/A:C, , N, CVE-2018-16885, https://access.redhat.com/security/cve/CVE-2018-16885kernel-3.10.0-957.21.3.el7.2.tis, Not fixed yet (updates), kernel-headers-3.10.0-957.27.2.el7, Not fixed yet, kernel-tools-3.10.0-957.21.3.el7.2.tis, Not fixed yet (updates), kernel-tools-libs-3.10.0-957.21.3.el7.2.tis, Not fixed yet (updates), perf-3.10.0-957.21.3.el7.2.tis, Not fixed yet (centosplus), python-perf-3.10.0-957.21.3.el7.2.tis, Not fixed yet (centosplus),
4.3, AV:N/AC:M/Au:N/C:N/I:N/A:P, , N, CVE-2018-18310, https://access.redhat.com/security/cve/CVE-2018-18310elfutils-default-yama-scope-0.172-2.el7, Not fixed yet, elfutils-libelf-0.172-2.el7, Not fixed yet, elfutils-libs-0.172-2.el7, Not fixed yet,
4.3, AV:N/AC:M/Au:N/C:N/I:N/A:P, , N, CVE-2018-18384, https://access.redhat.com/security/cve/CVE-2018-18384unzip-6.0-19.el7, Not fixed yet,
4.3, AV:N/AC:M/Au:N/C:N/I:N/A:P, , N, CVE-2018-18521, https://access.redhat.com/security/cve/CVE-2018-18521elfutils-default-yama-scope-0.172-2.el7, Not fixed yet, elfutils-libelf-0.172-2.el7, Not fixed yet, elfutils-libs-0.172-2.el7, Not fixed yet,
4.9, AV:L/AC:L/Au:N/C:N/I:N/A:C, , N, , https://access.redhat.com/security/cve/CVE-2018-8087kernel-3.10.0-957.21.3.el7.2.tis, Not fixed yet (updates), kernel-headers-3.10.0-957.27.2.el7, Not fixed yet, kernel-tools-3.10.0-957.21.3.el7.2.tis, Not fixed yet (updates), kernel-tools-libs-3.10.0-957.21.3.el7.2.tis, Not fixed yet (updates), perf-3.10.0-957.21.3.el7.2.tis, Not fixed yet (centosplus), python-perf-3.10.0-957.21.3.el7.2.tis, Not fixed yet (centosplus),
2.1, AV:L/AC:L/Au:N/C:P/I:N/A:N, , N, CVE-2019-11833, https://access.redhat.com/security/cve/CVE-2019-11833kernel-3.10.0-957.21.3.el7.2.tis, Not fixed yet (updates), kernel-headers-3.10.0-957.27.2.el7, Not fixed yet, kernel-tools-3.10.0-957.21.3.el7.2.tis, Not fixed yet (updates), kernel-tools-libs-3.10.0-957.21.3.el7.2.tis, Not fixed yet (updates), perf-3.10.0-957.21.3.el7.2.tis, Not fixed yet (centosplus), python-perf-3.10.0-957.21.3.el7.2.tis, Not fixed yet (centosplus),
5.5, AV:N/AC:L/Au:S/C:N/I:P/A:P, , N, , https://access.redhat.com/security/cve/CVE-2019-3880libwbclient-4.8.3-4.el7, Not fixed yet (updates), samba-client-libs-4.8.3-4.el7, Not fixed yet (updates), samba-common-4.8.3-4.el7, Not fixed yet (updates), samba-common-libs-4.8.3-4.el7, Not fixed yet (updates),
4.9, AV:L/AC:L/Au:N/C:N/I:N/A:C, , N, , https://access.redhat.com/security/cve/CVE-2019-3882kernel-3.10.0-957.21.3.el7.2.tis, Not fixed yet (updates), kernel-headers-3.10.0-957.27.2.el7, Not fixed yet, kernel-tools-3.10.0-957.21.3.el7.2.tis, Not fixed yet (updates), kernel-tools-libs-3.10.0-957.21.3.el7.2.tis, Not fixed yet (updates), perf-3.10.0-957.21.3.el7.2.tis, Not fixed yet (centosplus), python-perf-3.10.0-957.21.3.el7.2.tis, Not fixed yet (centosplus),
4.3, AV:N/AC:M/Au:N/C:N/I:N/A:P, , N, , https://access.redhat.com/security/cve/CVE-2019-7150elfutils-default-yama-scope-0.172-2.el7, Not fixed yet, elfutils-libelf-0.172-2.el7, Not fixed yet, elfutils-libs-0.172-2.el7, Not fixed yet,
2.1, AV:L/AC:L/Au:N/C:P/I:N/A:N, , N, , https://access.redhat.com/security/cve/CVE-2019-7222kernel-3.10.0-957.21.3.el7.2.tis, Not fixed yet (updates), kernel-headers-3.10.0-957.27.2.el7, Not fixed yet, kernel-tools-3.10.0-957.21.3.el7.2.tis, Not fixed yet (updates), kernel-tools-libs-3.10.0-957.21.3.el7.2.tis, Not fixed yet (updates), perf-3.10.0-957.21.3.el7.2.tis, Not fixed yet (centosplus), python-perf-3.10.0-957.21.3.el7.2.tis, Not fixed yet (centosplus),
4.3, AV:N/AC:M/Au:N/C:N/I:N/A:P, , N, , https://access.redhat.com/security/cve/CVE-2019-7664elfutils-default-yama-scope-0.172-2.el7, Not fixed yet, elfutils-libelf-0.172-2.el7, Not fixed yet, elfutils-libs-0.172-2.el7, Not fixed yet,
4.3, AV:N/AC:M/Au:N/C:N/I:N/A:P, , N, , https://access.redhat.com/security/cve/CVE-2019-7665elfutils-default-yama-scope-0.172-2.el7, Not fixed yet, elfutils-libelf-0.172-2.el7, Not fixed yet, elfutils-libs-0.172-2.el7, Not fixed yet,
4.6, AV:L/AC:L/Au:N/C:P/I:P/A:P, , N, CVE-2016-10739, https://access.redhat.com/security/cve/CVE-2016-10739glibc-2.17-260.el7_6.6, Not fixed yet, glibc-common-2.17-260.el7_6.6, Not fixed yet, glibc-devel-2.17-260.el7_6.6, Not fixed yet, glibc-headers-2.17-260.el7_6.6, Not fixed yet, nscd-2.17-260.el7_6.6, Not fixed yet,
5.0, AV:N/AC:L/Au:N/C:N/I:P/A:N, , N, CVE-2017-17742, https://access.redhat.com/security/cve/CVE-2017-17742ruby-2.0.0.648-34.el7_6, Not fixed yet (updates), ruby-irb-2.0.0.648-34.el7_6, Not fixed yet (updates), ruby-libs-2.0.0.648-34.el7_6, Not fixed yet (updates), rubygem-bigdecimal-1.2.0-34.el7_6, Not fixed yet (updates), rubygem-io-console-0.4.2-34.el7_6, Not fixed yet (updates), rubygem-psych-2.0.0-34.el7_6, Not fixed yet (updates), rubygem-rdoc-4.0.0-34.el7_6, Not fixed yet (updates), rubygems-2.0.14.1-34.el7_6, Not fixed yet (updates),
5.0, AV:N/AC:L/Au:N/C:P/I:N/A:N, , N, , https://access.redhat.com/security/cve/CVE-2018-15473openssh-7.4p1-16.el7_4.tis.10, Not fixed yet, openssh-clients-7.4p1-16.el7_4.tis.10, Not fixed yet, openssh-server-7.4p1-16.el7_4.tis.10, Not fixed yet,
5.0, AV:N/AC:L/Au:N/C:P/I:N/A:N, , N, , https://access.redhat.com/security/cve/CVE-2019-0220httpd-2.4.6-88.el7.centos, Not fixed yet (updates), httpd-tools-2.4.6-88.el7.centos, Not fixed yet (updates),
1.9, AV:L/AC:M/Au:N/C:P/I:N/A:N, , N, , https://access.redhat.com/security/cve/CVE-2018-0495nspr-4.19.0-1.el7_5, Not fixed yet, nss-3.36.0-7.el7_5, Not fixed yet (updates), nss-softokn-3.36.0-5.el7_5, Not fixed yet, nss-softokn-freebl-3.36.0-5.el7_5, Not fixed yet, nss-sysinit-3.36.0-7.el7_5, Not fixed yet (updates), nss-tools-3.36.0-7.el7_5, Not fixed yet (updates), nss-util-3.36.0-1.el7_5, Not fixed yet (updates),
1.9, AV:L/AC:M/Au:N/C:P/I:N/A:N, , N, , https://access.redhat.com/security/cve/CVE-2018-5407OVMF-20150414-2.gitc9e5618.el7, Not fixed yet (updates), openssl-1:1.0.2k-16.el7, 1:1.0.2k-16.el7_6.1 (updates), openssl-libs-1:1.0.2k-16.el7, 1:1.0.2k-16.el7_6.1 (updates),
1.9, AV:L/AC:M/Au:N/C:N/I:N/A:P, , N, CVE-2018-16888, https://access.redhat.com/security/cve/CVE-2018-16888libgudev1-219-62.el7_6.5.tis.11, Not fixed yet (updates), systemd-219-62.el7_6.5.tis.11, Not fixed yet (updates), systemd-libs-219-62.el7_6.5.tis.11, Not fixed yet (updates), systemd-sysv-219-62.el7_6.5.tis.11, Not fixed yet (updates),
2.1, AV:L/AC:L/Au:N/C:P/I:N/A:N, , N, CVE-2018-16866, https://access.redhat.com/security/cve/CVE-2018-16866libgudev1-219-62.el7_6.5.tis.11, Not fixed yet (updates), systemd-219-62.el7_6.5.tis.11, Not fixed yet (updates), systemd-libs-219-62.el7_6.5.tis.11, Not fixed yet (updates), systemd-sysv-219-62.el7_6.5.tis.11, Not fixed yet (updates),
2.1, AV:L/AC:L/Au:N/C:N/I:N/A:P, , N, CVE-2018-13053, https://access.redhat.com/security/cve/CVE-2018-13053kernel-3.10.0-957.21.3.el7.2.tis, Not fixed yet (updates), kernel-headers-3.10.0-957.27.2.el7, Not fixed yet, kernel-tools-3.10.0-957.21.3.el7.2.tis, Not fixed yet (updates), kernel-tools-libs-3.10.0-957.21.3.el7.2.tis, Not fixed yet (updates), perf-3.10.0-957.21.3.el7.2.tis, Not fixed yet (centosplus), python-perf-3.10.0-957.21.3.el7.2.tis, Not fixed yet (centosplus),
, , , , ,

